MasterID,Source,SourceID,name_1_employee_name_2,address_1_employee_address_2,soc_sec_id_1_soc_sec_id_2,suburb_1,postcode_1,state_1,date_of_birth_1,suburb_2,postcode_2,date_of_birth_2
d5b7a9e8-154c-11eb-a372-0242a9feff83,dataset1.csv,0, michaela neumann,8 stanley street miami,5304218, winston hills,4223, nsw,19151111,,,
d5b7ab78-154c-11eb-a372-0242a9feff83,dataset1.csv,1, courtney painter,12 pinkerton circuit bega flats,4066625, richlands,4560, vic,19161214,,,
d5b7ac2c-154c-11eb-a372-0242a9feff83,dataset1.csv,2, charles green,38 salkauskas crescent kela,4365168, dapto,4566, nsw,19480930,,,
d5b7acc2-154c-11eb-a372-0242a9feff83,dataset1.csv,3, vanessa parr,905 macquoid place broadbridge manor,9239102, south grafton,2135, sa,19951119,,,
d5b7ad44-154c-11eb-a372-0242a9feff83,dataset1.csv,4, mikayla malloney,37 randwick road avalind,7207688, hoppers crossing,4552, vic,19860208,,,
d5b7adc6-154c-11eb-a372-0242a9feff83,dataset1.csv,5, blake howie,1 cutlack street belmont park belted galloway stud,5180548, budgewoi,6017, vic,19250301,,,
d5b7ae52-154c-11eb-a372-0242a9feff83,dataset1.csv,6,  lund,109 caley crescent allandale aged care facility,7074690, mill park,4053, nsw,19180902,,,
d5b7af56-154c-11eb-a372-0242a9feff83,dataset1.csv,8,  leslie,925 carpenter close ,2438058, canterbury,2340, vic,19950608,,,
d5b7afce-154c-11eb-a372-0242a9feff83,dataset1.csv,9, edward denholm,10 corin place gold tyne,7119771, clayfield,4221, vic,19660306,,,
d5b7b05a-154c-11eb-a372-0242a9feff83,dataset1.csv,10, charlie alderson,266 hawkesbury crescent deergarden caravn park,1256748, cooma,4128, vic,19440908,,,
d5b7b0e6-154c-11eb-a372-0242a9feff83,dataset1.csv,11, molly roche,59 willoughby crescent donna valley,1847058, carrara,4825, nsw,19200712,,,
d5b7b15e-154c-11eb-a372-0242a9feff83,dataset1.csv,12, angus mcgregor,1  rosetta village,8677579, chelsea heights,3020, wa,19170409,,,
d5b7b1e0-154c-11eb-a372-0242a9feff83,dataset1.csv,13, kate stephenson,8 sinclair street brentwood vlge,4182623, ryde,5333, sa,19051012,,,
d5b7b262-154c-11eb-a372-0242a9feff83,dataset1.csv,14, matthew bissett,11 cowcher place kassingbrook,5435247, surfers paradise,4037, vic,19121107,,,
d5b7b366-154c-11eb-a372-0242a9feff83,dataset1.csv,16, campbell clarke,14 wootton crescent the manor garden,7658745, northmead,3265, vic,19220610,,,
d5b7b3e8-154c-11eb-a372-0242a9feff83,dataset1.csv,17, jessica weller,318 bishopbourne court lismore road,4837774, padstow,2191, nsw,19600919,,,
d5b7b46a-154c-11eb-a372-0242a9feff83,dataset1.csv,18, joshua corbin,83 tweed place five oaks,7955748, keilor,4818, nsw,19721018,,,
d5b7b56e-154c-11eb-a372-0242a9feff83,dataset1.csv,20, alessandra stanley,9 araluen street bombowlee,8650329, avoca,3104, qld,19940325,,,
d5b7b60e-154c-11eb-a372-0242a9feff83,dataset1.csv,21, francesco cannell,5 ngunawal drive whispering pines,2439499, brighton,7320, nsw,19900219,,,
d5b7b6d6-154c-11eb-a372-0242a9feff83,dataset1.csv,22, liam schwaz,1005 elvire place narada,4505367, bronte,2137, tas,19470324,,,
d5b7b78a-154c-11eb-a372-0242a9feff83,dataset1.csv,23, benjamin capel,177 clive steele avenue spq camp,4415928, woongarra,4207, qld,19090522,,,
d5b7b83e-154c-11eb-a372-0242a9feff83,dataset1.csv,24, kynan dooley,92 mcintyre street apt 27,1493049, woollahra,6021, qld,19310924,,,
d5b7b8f2-154c-11eb-a372-0242a9feff83,dataset1.csv,25, harrison boulter,9 macgregor street stonyridge,5094110, cecil plains,3070, nsw,19110312,,,
d5b7ba6e-154c-11eb-a372-0242a9feff83,dataset1.csv,27, claudia huxley,108 crease place edellen,9295307, north ryde,2464, vic,19441020,,,
d5b7bb2c-154c-11eb-a372-0242a9feff83,dataset1.csv,28,  lowry,6 hadleigh circuit rowethorpe,6616912, rossmoyne,2770, sa,19350708,,,
d5b7bbfe-154c-11eb-a372-0242a9feff83,dataset1.csv,29, lily warnock,68 darling street jeran,2626334, exton,2154, nsw,19620520,,,
d5b7bcc6-154c-11eb-a372-0242a9feff83,dataset1.csv,30, sebastian mcneill,3 dryandra street ferndale,2765960, west lakes,2265, vic, ,,,
d5b7bd70-154c-11eb-a372-0242a9feff83,dataset1.csv,31, ellouise domingo,36 leach street plain view,2822912, frankston,6062, nsw,19141125,,,
d5b7be88-154c-11eb-a372-0242a9feff83,dataset1.csv,32, danielle webb,33 max henry crescent willows trees,7999700, corio,2077, nsw,19711211,,,
d5b7bf5a-154c-11eb-a372-0242a9feff83,dataset1.csv,33, maliah clarke,26 broadbent street harlyn,7298583, tara,6151, sa,19520331,,,
d5b7c022-154c-11eb-a372-0242a9feff83,dataset1.csv,34, patrick george,1 coxen street belleview,5526595, urangan,4051, nsw,19371129,,,
d5b7c0f4-154c-11eb-a372-0242a9feff83,dataset1.csv,35, aidan banham,8 rowntree crescent locn 8774,5929976, tallebudgera,2284, wa,19280830,,,
d5b7c2ac-154c-11eb-a372-0242a9feff83,dataset1.csv,37, adam smithson,4 newman morris circuit medical centre,7935674, springwood,2087, nsw,19181006,,,
d5b7c392-154c-11eb-a372-0242a9feff83,dataset1.csv,38, nathan sells,2 vickery street yachting towers,6367815, magill,3223, nsw,19240701,,,
d5b7c478-154c-11eb-a372-0242a9feff83,dataset1.csv,39, katelin dent,29 sugarloaf circuit wildefell,4402607, windsor,4503, qld,19280517,,,
d5b7c554-154c-11eb-a372-0242a9feff83,dataset1.csv,40, billy gigney,382 westall place willaroo,4206687, moree,2037, qld,19130824,,,
d5b7c630-154c-11eb-a372-0242a9feff83,dataset1.csv,41, tiffany green,32 sid barnes crescent dudley specialist medical centre,4528322, wingfield,2027, qld,19860328,,,
d5b7c716-154c-11eb-a372-0242a9feff83,dataset1.csv,42, samuel heidrich,7 mcgivern crescent el-woodaro,8110080, highbury,3053, act,19710525,,,
d5b7c810-154c-11eb-a372-0242a9feff83,dataset1.csv,43, brooke harrington,88 marcus clarke street campaspe,4738674, lockleys,3042, wa,19910123,,,
d5b7c8ec-154c-11eb-a372-0242a9feff83,dataset1.csv,44, connor foall,17 lamb place ,4900414, kilsyth,3174, qld,19140927,,,
d5b7c9c8-154c-11eb-a372-0242a9feff83,dataset1.csv,45, keeley gaskin,128 winder place chanak,4856464, west wyalong,3138, wa,19550702,,,
d5b7caa4-154c-11eb-a372-0242a9feff83,dataset1.csv,46, charlie zimmermann,68 tebbutt place nuffield village,2564958, carnegie,3104, vic,19681220,,,
d5b7cb80-154c-11eb-a372-0242a9feff83,dataset1.csv,47, harry manthorpe,19 hodgson crescent the blackhut,7232794, macquarie fields,2756, nsw,19841005,,,
d5b7cd38-154c-11eb-a372-0242a9feff83,dataset1.csv,49, cooper girdler,9 arid place ,3241612, burwood,2577, vic,19630327,,,
d5b7cf04-154c-11eb-a372-0242a9feff83,dataset1.csv,51, john homann,27 sid barnes crescent king river palms c8,4896844, cranbourne,5159, nsw,19461027,,,
d5b7cfe0-154c-11eb-a372-0242a9feff83,dataset1.csv,52, jessica mayer,25 dugan street willandra,3346974, mittagong,6056, sa,19340201,,,
d5b7d0c6-154c-11eb-a372-0242a9feff83,dataset1.csv,53, liam hemmings,4425 mimosa close kinloch court,3194253, lockleys,3850, nsw,19051023,,,
d5b7d1b6-154c-11eb-a372-0242a9feff83,dataset1.csv,54, rebecca coppock,3 homeleigh wallaroo road tinaroo falls,2971980, embleton,6152, vic,19440414,,,
d5b7d29c-154c-11eb-a372-0242a9feff83,dataset1.csv,55, heather benger,8 fergusson crescent palazz,9010502, currajong,2650, wa,19840803,,,
d5b7d382-154c-11eb-a372-0242a9feff83,dataset1.csv,56, isabelle beattie,19 southern close gulmarrad street,1698866, stanley,2615, vic,19460303,,,
d5b7d45e-154c-11eb-a372-0242a9feff83,dataset1.csv,57, callum mahon,79 mcintosh street boronia,2226255, slacks creek,2145, nsw,19040909,,,
d5b7d544-154c-11eb-a372-0242a9feff83,dataset1.csv,58, charlotte donaldson,3 federal highway allamby biala street,5650823, kilcunda,4703, nsw,19541208,,,
d5b7d620-154c-11eb-a372-0242a9feff83,dataset1.csv,59, tiana lionis,207 holroyd street jewells medical centre,5662051, pennant hills,3463, qld,19990424,,,
d5b7d710-154c-11eb-a372-0242a9feff83,dataset1.csv,60, livia swetnam,73 stapylton street kanjara,8689632, roxburgh park,2212, qld,19790329,,,
d5b7d7ec-154c-11eb-a372-0242a9feff83,dataset1.csv,61, thomas monis,30 schofield place duck creek,3724382, terrey hills,2145, nsw,19620331,,,
d5b7d8c8-154c-11eb-a372-0242a9feff83,dataset1.csv,62,  dojcic,15 barraclough crescent brookvale,7180320, tolga,2025, qld,19990331,,,
d5b7d9ae-154c-11eb-a372-0242a9feff83,dataset1.csv,63, alexandra clarke,15 parnell road rsdb 284,7235143, nedlands,4014, sa,19890608,,,
d5b7da8a-154c-11eb-a372-0242a9feff83,dataset1.csv,64, ella malzard,4 namatjira drive tolemac,6513848, armidale,4220, nsw,19381112,,,
d5b7db66-154c-11eb-a372-0242a9feff83,dataset1.csv,65, matilda kubenk,35 arabana street carrington retrmnt vlge,6501846, revesby,2122, nsw,19901231,,,
d5b7dc4c-154c-11eb-a372-0242a9feff83,dataset1.csv,66, timothy moujalli,14 cobby street ,4552685, christies beach,2617, qld,19910719,,,
d5b7dd32-154c-11eb-a372-0242a9feff83,dataset1.csv,67, benjamin lovelock,1 tanumbirini street apmnt 203,6282406, willetton,4570, nsw,19980628,,,
d5b7de18-154c-11eb-a372-0242a9feff83,dataset1.csv,68, destynii hope,24 barunga street villa 3,6586920, st peters,4061, nsw,19210430,,,
d5b7def4-154c-11eb-a372-0242a9feff83,dataset1.csv,69, brianna ryan,7 bingham circuit beltunga,9339689, highett,6330, qld,19310316,,,
d5b7dfda-154c-11eb-a372-0242a9feff83,dataset1.csv,70, madison herbert,14 cowie place old post office,9689395, glenmore park,2680, nsw,19950105,,,
d5b7e0b6-154c-11eb-a372-0242a9feff83,dataset1.csv,71, pearson shepherd,13 de graaff street springdale,6334586, beverly hills,2650, vic,19320517,,,
d5b7e19c-154c-11eb-a372-0242a9feff83,dataset1.csv,72, isaiah warde,61 mcphail place sunbury,8475133, bonnyrigg,3929, vic,19090111,,,
d5b7e282-154c-11eb-a372-0242a9feff83,dataset1.csv,73, imogen kiosses,2 quandong street overnewton,1581588, arundel,5024, sa,19751002,,,
d5b7e480-154c-11eb-a372-0242a9feff83,dataset1.csv,75, lucinda burrill,31 bamir square corridella,4875837, inglewood,4557, qld,19471211,,,
d5b7e566-154c-11eb-a372-0242a9feff83,dataset1.csv,76, caleb roberts-yates,40 millpost close bandera,5399458, cobar,3500, qld,19670914,,,
d5b7e728-154c-11eb-a372-0242a9feff83,dataset1.csv,78, ella estcourt,12 gellatly place mayfair,2110759, braddon,3850, nsw,19090814,,,
d5b7e80e-154c-11eb-a372-0242a9feff83,dataset1.csv,79, riley kerr-sullivan,166 clem hill street mindaree,7355856, oyster bay,7325, vic,19090429,,,
d5b7e8f4-154c-11eb-a372-0242a9feff83,dataset1.csv,80, nasyah reid,14 groom street warrina lakes,9822354, goonellabah,2775, nsw,19850813,,,
d5b7e9d0-154c-11eb-a372-0242a9feff83,dataset1.csv,81, ella browne,35 tanjil loop cedarview,6646608, berkeley vale,4564, qld,19480726,,,
d5b7eab6-154c-11eb-a372-0242a9feff83,dataset1.csv,82, michael cochrane,7 monaro crescent ballarkona,5263623, hendra,4128, qld,19361016,,,
d5b7eb88-154c-11eb-a372-0242a9feff83,dataset1.csv,83, benjamin cassimatis,23  yacklin,1533923, thornleigh,6006, nsw, ,,,
d5b7ec5a-154c-11eb-a372-0242a9feff83,dataset1.csv,84, imogen white,12 macrossan crescent peridon vlge,9882514, mount isa,2088, nsw,19580528,,,
d5b7ed40-154c-11eb-a372-0242a9feff83,dataset1.csv,85, maya nevin,351 rapanea street chelsea house,9920408, evanston,2033, ,19220204,,,
d5b7ee3a-154c-11eb-a372-0242a9feff83,dataset1.csv,86, madeleine bradshaw,90 burkitt street mindaree,9562529, tuart hill,3300, nsw,19180720,,,
d5b7ef20-154c-11eb-a372-0242a9feff83,dataset1.csv,87, jack moscatt,15 hosking place ,2565922, st kilda east,2600, vic,19611218,,,
d5b7effc-154c-11eb-a372-0242a9feff83,dataset1.csv,88, georgia rees,40 maclaurin crescent spring creek,5595588, fullarton,6233, nsw,19210305,,,
d5b7f0d8-154c-11eb-a372-0242a9feff83,dataset1.csv,89,  collinson,8 parrabel place fraser lodge,5602774, elwood,2420, vic,19100819,,,
d5b7f1be-154c-11eb-a372-0242a9feff83,dataset1.csv,90, ruby grobler,128 lonsdale street tallinga park,5332690, newbridge,2105, qld,19190104,,,
d5b7f29a-154c-11eb-a372-0242a9feff83,dataset1.csv,91, lara dunis,7 rodda place dry rush,2469542, casino,4170, nsw,19580928,,,
d5b7f376-154c-11eb-a372-0242a9feff83,dataset1.csv,92, zachariah steed,24 hamelin crescent surfers hawaiian,9340008, preston beach,4214, nsw,19300502,,,
d5b7f45c-154c-11eb-a372-0242a9feff83,dataset1.csv,93, william vanderwesten,11 william wilkins crescent wyuna,2499394, grenfell,5290, nsw,19500801,,,
d5b7f538-154c-11eb-a372-0242a9feff83,dataset1.csv,94, layla donaldson,71 mannheim street sandalford homestead,5103641, urangan,2713, wa,19320608,,,
d5b7f61e-154c-11eb-a372-0242a9feff83,dataset1.csv,95, samantha chandler,183 macnamara place st johnof god hospital,6692802, greenwith,2047, wa,19011201,,,
d5b7f6e6-154c-11eb-a372-0242a9feff83,dataset1.csv,96, alexander jeffries,45 keartland street ,3206197, northbridge,3043, vic,19770408,,,
d5b7f812-154c-11eb-a372-0242a9feff83,dataset1.csv,98, isabelle hope,140 ellenborough street grimes paddock cotge,1334359, murray bridge,6152, qld,19480522,,,
d5b7f89e-154c-11eb-a372-0242a9feff83,dataset1.csv,99, breana thorpe,54 weipa place kimberley,3264752, san remo,4660, qld,19660117,,,
d5b7f920-154c-11eb-a372-0242a9feff83,dataset1.csv,100, jordyn bishop,18 jalanga crescent salt box,2003024, yankalilla,2780, wa,19480428,,,
d5b7f998-154c-11eb-a372-0242a9feff83,dataset1.csv,101, connor lungershausen,28 hilder street morayfield exchange,3687513, redbank plains,4350, nsw,19431008,,,
d5bb1e98-154c-11eb-a372-0242a9feff83,dataset2.csv,0, elton , 3 light setreet pinehill,1551941,,,,, windermere,3212,19651013
d5bb1fa6-154c-11eb-a372-0242a9feff83,dataset2.csv,1, mitchell maxon, 47 edkins street lochaoair,8859999,,,,, north ryde,3355,19390212
d5bb2050-154c-11eb-a372-0242a9feff83,dataset2.csv,2,  white, 72 lambrigg street kelgoola,9731855,,,,, broadbeach waters,3159,19620216
d5bb20dc-154c-11eb-a372-0242a9feff83,dataset2.csv,3, elk i menzies, 1 lyster place ,4970481,,,,, northwood,2585,19980624
d5bb215e-154c-11eb-a372-0242a9feff83,dataset2.csv,4,  garanggar,  may maxwell crescent springettst arcade,1366884,,,,, forest hill,2342,19921016
d5bb21e0-154c-11eb-a372-0242a9feff83,dataset2.csv,5, sophie manson, 14 elizabeth xrescent manorhouse,4818868,,,,, gorokan,3465,19510201
d5bb226c-154c-11eb-a372-0242a9feff83,dataset2.csv,6, madison morrison, 38 peacock place melim a,1967265,,,,, campbelltown,3021,19481214
d5bb22ee-154c-11eb-a372-0242a9feff83,dataset2.csv,7, jayed millar, 6 meredith c ircuit ,1314310,,,,, thornbury,6014,19340731
d5bb2370-154c-11eb-a372-0242a9feff83,dataset2.csv,8, joshua raward, 26 yambina cerscent thorndale,9086686,,,,, macgrdgor,4718, 
d5bb23f2-154c-11eb-a372-0242a9feff83,dataset2.csv,9, david sette, 105 spring raghe road jessiefield,9471099,,,,, villawood,2213,19950603
d5bb246a-154c-11eb-a372-0242a9feff83,dataset2.csv,10, jacob delfos, 102 morgan crescent valicare,4071052,,,,, geurie,4557,19510208
d5bb2578-154c-11eb-a372-0242a9feff83,dataset2.csv,12, mia wnite, 1329 national circuit sec 301,5053650,,,,, narembeen,2765,19130418
d5bb25fa-154c-11eb-a372-0242a9feff83,dataset2.csv,13, nicholas mcneill, 16  tunis,5215850,,,,, bacchus marsh,6019,19800829
d5bb2726-154c-11eb-a372-0242a9feff83,dataset2.csv,14, rybak jassim, 16 newman morrisf circuit brookfield,8822389,,,,, oromnd,2218,19840706
d5bb285c-154c-11eb-a372-0242a9feff83,dataset2.csv,16, ilam tschitrpig, 61 biffin sreet ,6098354,,,,, blacktown,2221,19970528
d5bb28de-154c-11eb-a372-0242a9feff83,dataset2.csv,17, adam ewald,  wentcher place longstay caravn park,2268410,,,,, kempsey,5902,19180203
d5bb2960-154c-11eb-a372-0242a9feff83,dataset2.csv,18, lochlan weaver, 30 carnegie crescent gantham,4335106,,,,, wendouree,3197,19990511
d5bb29e2-154c-11eb-a372-0242a9feff83,dataset2.csv,19, zara white, 189 mackey place doctors flat,7744887,,,,, hawthorn,4300,19320621
d5bb2a64-154c-11eb-a372-0242a9feff83,dataset2.csv,20,  grubb, 10 berne cresxent yooringa,6333533,,,,, st hubertscisland,6539,19341211
d5bb2ae6-154c-11eb-a372-0242a9feff83,dataset2.csv,21, shanaye averats, 162 benjami n way ashville,8786773,,,,, bamawm,3175,19340625
d5bb2b72-154c-11eb-a372-0242a9feff83,dataset2.csv,22,  babic, 1 totterdell street cooingale,3346822,,,,, st albans,4060,19450493
d5bb2bf4-154c-11eb-a372-0242a9feff83,dataset2.csv,23, amy green, 8 cahalan place ,2287496,,,,, east preston,2114,19900401
d5bb2cf8-154c-11eb-a372-0242a9feff83,dataset2.csv,25, samuel rudd, 46 powlett street ,7309587,,,,, kingston,3453,19580819
d5bb2d84-154c-11eb-a372-0242a9feff83,dataset2.csv,26, jordan whie,8,6617539,,,,, ryde,2148,19890416
d5bb2e06-154c-11eb-a372-0242a9feff83,dataset2.csv,27, brielle speabrs, 8 tunney c rescent hd blanch sec 28,3140493,,,,, rosslyn park,3350,19890201
d5bb2e88-154c-11eb-a372-0242a9feff83,dataset2.csv,28, harry bishop, 5 darwinia terrace craigsto nl1bg,7781607,,,,, glenmore aprk,4830,19781114
d5bb2f0a-154c-11eb-a372-0242a9feff83,dataset2.csv,29, noah fusco, 65 kruseplace thepoints h olsteins,9136935,,,,, kununurra,3400,19490107
d5bb2f8c-154c-11eb-a372-0242a9feff83,dataset2.csv,30, stella clarke, 11 leist strewt emerald banks,6990160,,,,, burnie,3152,19020227
d5bb300e-154c-11eb-a372-0242a9feff83,dataset2.csv,31, bradley sribar, 32 sturt avenue everge en,9160808,,,,, buronga,2710,19511217
d5bb3090-154c-11eb-a372-0242a9feff83,dataset2.csv,32, annabel thropr, 21 airey crescent galloway,2814912,,,,, rokeby,4670,19920305
d5bb3112-154c-11eb-a372-0242a9feff83,dataset2.csv,33, joshua dixon, 60 croton street ethnam arm,5540614,,,,, surrey hills,2617,19481014
d5bb3194-154c-11eb-a372-0242a9feff83,dataset2.csv,34, jacob wbeb, 14 hawdon treet aumuller house,8971806,,,,, forest lodge,6050,19450315
d5bb3220-154c-11eb-a372-0242a9feff83,dataset2.csv,35, isabella ryan, 61 downes place spring ridge,4702512,,,,, ardeer,3058,19331204
d5bb32a2-154c-11eb-a372-0242a9feff83,dataset2.csv,36, chloe musoilno, 4 warrumbmul street gordoivale,7147784,,,,, brighton,3728, 
d5bb3324-154c-11eb-a372-0242a9feff83,dataset2.csv,37, blake mcvicar, 26 ellerston avenue rosehill,1219082,,,,, bowral,3009,19890504
d5bb3428-154c-11eb-a372-0242a9feff83,dataset2.csv,39, kiana huxley, 12 southern close little dale,1728316,,,,, maryborough,2517,19140529
d5bb34aa-154c-11eb-a372-0242a9feff83,dataset2.csv,40, macormack campball, 21 shipard place demountabel bldg,3116298,,,,, brighton,2546,19640101
d5bb352c-154c-11eb-a372-0242a9feff83,dataset2.csv,41, lachln murton, 191 barraclough crescent medcl cntr (cnr queen s street,2068877,,,,, east hills,2707,19770527
d5bb35ae-154c-11eb-a372-0242a9feff83,dataset2.csv,42, casey heran, 10 cathie p lace watarmark,8255871,,,,, rowville,6135,19390522
d5bb363a-154c-11eb-a372-0242a9feff83,dataset2.csv,43, bailey satte rley, 28 newman morcbis circuit carrington garden,1989082,,,,, beamont,2074,19730919
d5bb36bc-154c-11eb-a372-0242a9feff83,dataset2.csv,44, caleb dabinet, 30 springfields farms rodway tsreet,2071263,,,,, mount ommaney,3133,19040620
d5bb373e-154c-11eb-a372-0242a9feff83,dataset2.csv,45, bllke white, 16 brunto nstreet rosetta village,6366377,,,,, frankxton,2800,19731009
d5bb37c0-154c-11eb-a372-0242a9feff83,dataset2.csv,46, mihal hannsh,  aspinal ls treet ,7161412,,,,, nyal west,6060, 
d5bb3838-154c-11eb-a372-0242a9feff83,dataset2.csv,47, paige webb,  arthaldo court ,6388140,,,,, cardkff,5023,19341104
d5bb38ba-154c-11eb-a372-0242a9feff83,dataset2.csv,48, nahan bishop, 2 osburn drive noosa village shopping centre,6472175,,,,, woodhill,2530,19961008
d5bb393c-154c-11eb-a372-0242a9feff83,dataset2.csv,49, saraa carmody, 14 gilmore crescent brentwood vlge,7880298,,,,, denmark,4650,19830421
d5bb39be-154c-11eb-a372-0242a9feff83,dataset2.csv,50, mia reid, 4 le hunte srreet marretth,3451673,,,,, como,3777,19800421
d5bb3a4a-154c-11eb-a372-0242a9feff83,dataset2.csv,51, adamx craze,  mcclintoxk street loma langie,3239913,,,,, portarlington,3199,19270510
d5bb3ac2-154c-11eb-a372-0242a9feff83,dataset2.csv,52, makenzi elphick, 31 copland drive gwand alan,1011936,,,,, erskine,4214,19500810
d5bb3bc6-154c-11eb-a372-0242a9feff83,dataset2.csv,54, zane webb, 4 mackinolty street mayflower rtrmnt vlge,1897310,,,,, ganmani,6018,19190523
d5bb3c48-154c-11eb-a372-0242a9feff83,dataset2.csv,55, bailey zilm, 11  craigow,5100168,,,,, deer park,6112,19471001
d5bb3cca-154c-11eb-a372-0242a9feff83,dataset2.csv,56, phoebe , 33 kumm place the manor garden,3155906,,,,, harris park,2323,19061113
d5bb3d42-154c-11eb-a372-0242a9feff83,dataset2.csv,57, molly hanna, 18 lewis luxton avenue tullaillan,3994290,,,,, salisbury east,2032,19171018
d5bb3dc4-154c-11eb-a372-0242a9feff83,dataset2.csv,58,  gibb, 35 tenison-woodsr circuit the j gms,3651633,,,,, adamstown heights,6333,19090430
d5bb3e46-154c-11eb-a372-0242a9feff83,dataset2.csv,59,  ebert, 69 rapanea street pangabi,9105802,,,,, ,6061,19310909
d5bb3ec8-154c-11eb-a372-0242a9feff83,dataset2.csv,60, cambell coteman, 45 norton street skilbister,2389212,,,,, coniston,3803,19731016
d5bb3f4a-154c-11eb-a372-0242a9feff83,dataset2.csv,61, marko lamprey, 23 kilburnie backler place,4959474,,,,, windsor,6083,19401125
d5bb3fcc-154c-11eb-a372-0242a9feff83,dataset2.csv,62, joe lodgw, 200 steinwedel street kmart p plaza,2655513,,,,, toowoomba,4016,19710830
d5bb4044-154c-11eb-a372-0242a9feff83,dataset2.csv,63, ethan marson, 40 catumbel lodge tinaroo place,9238396,,,,, hoppers crossing,2035,19100123
d5bb40c6-154c-11eb-a372-0242a9feff83,dataset2.csv,64, elton coldicutt, 3 somerset s treet newman medcaql centre,9721944,,,,, ashfield,5037,19341016
d5bb4148-154c-11eb-a372-0242a9feff83,dataset2.csv,65, ja xson selht, 1 moonta place walhalla,7238580,,,,, maryborough,2066,19130707
d5bb424c-154c-11eb-a372-0242a9feff83,dataset2.csv,67, lachlarn ricard, 40 wallaroeroad ,6012074,,,,, bowral,4158,19531101
d5bb42ce-154c-11eb-a372-0242a9feff83,dataset2.csv,68, sophie au, 26 pelham close locn n192,4507512,,,,, sandy bay,3192, 
d5bb4350-154c-11eb-a372-0242a9feff83,dataset2.csv,69, elizabeth nobli, 33 rosebery street glenomre,7294023,,,,, eatons hill,2458,19820730
d5bb4454-154c-11eb-a372-0242a9feff83,dataset2.csv,71, matthew walms, 1121 massi e place the stockyards,6147905,,,,, dalby,3352,19280328
d5bb44d6-154c-11eb-a372-0242a9feff83,dataset2.csv,72, willim lund, 8 bridgedtreet pevensey,4144401,,,,, bowral,4350,19211017
d5bb454e-154c-11eb-a372-0242a9feff83,dataset2.csv,73, mattheo godfley, 22 madigan street tantallon,1967139,,,,, mayfield,2444,19811231
d5bb45d0-154c-11eb-a372-0242a9feff83,dataset2.csv,74, ebony piniros, 16 ashby c ircuit ,6804193,,,,, meltonsouth,2913,19030607
d5bb4652-154c-11eb-a372-0242a9feff83,dataset2.csv,75, noah berry, 58 alice jackse on crescent rosehill,1446426,,,,, hawthorn,5251,19240908
d5bb46d4-154c-11eb-a372-0242a9feff83,dataset2.csv,76,  lowry, 80 kinchela crescent rowethorpe,6616912,,,,, rossmoyne,2770,19350708
d5bb4756-154c-11eb-a372-0242a9feff83,dataset2.csv,77, jasmine ryah, 49 spofforth street kirra vista,7987659,,,,, daylesford,3072,19161002
d5bb47d8-154c-11eb-a372-0242a9feff83,dataset2.csv,78, cleb thorpe, 4 river street ,7916134,,,,, granville,2641,19590118
d5bb4850-154c-11eb-a372-0242a9feff83,dataset2.csv,79, caitlin berry, 29 carr crscent bletchly aprk,2225444,,,,, corrimal east,4075,19780804
d5bb4954-154c-11eb-a372-0242a9feff83,dataset2.csv,81, benjamin morr ison, 16 kingscotecrescent malanda orchard,3201927,,,,, sanctuary point,280,19761231
d5bb49d6-154c-11eb-a372-0242a9feff83,dataset2.csv,82, evan , 3 livingstonavenue ,8451831,,,,, burleigh heads,2289,19450220
d5bb4a58-154c-11eb-a372-0242a9feff83,dataset2.csv,83, dnaiel fysh, 27 appel crescent ,3085695,,,,, hermit park,2333,19620207
d5bb4ada-154c-11eb-a372-0242a9feff83,dataset2.csv,84, mollie sherriff, 9 dalley crescent tarliunp,5596459,,,,, newstaed,4207,19051216
d5bb4b5c-154c-11eb-a372-0242a9feff83,dataset2.csv,85, seth moovdy, 42 scantlebury crescent the lodge,6853828,,,,, sippy dawns,3156,19270524
d5bb4bf2-154c-11eb-a372-0242a9feff83,dataset2.csv,86, brianna wardle, 1 mcdougalll street ,2063140,,,,, beechbohro,3165,19440826
d5bb4c74-154c-11eb-a372-0242a9feff83,dataset2.csv,87, millie neville, 38 menziesn court ,8251642,,,,, toowoomba,2066,19950511
d5bb4cf6-154c-11eb-a372-0242a9feff83,dataset2.csv,88, luke mccartyy, 5 bandjalongcrescent ,9203828,,,,, north curl curl,2160,19521124
d5bb4d6e-154c-11eb-a372-0242a9feff83,dataset2.csv,89, hayey ryan, 2 lambrig gstreet flt 67,7698870,,,,, jardee,2750,19880816
d5bb4dfa-154c-11eb-a372-0242a9feff83,dataset2.csv,90, sophie coulson, 8 blackburn street ,9010006,,,,, mansfield park,5097,19690320
d5bb4e7c-154c-11eb-a372-0242a9feff83,dataset2.csv,91, brodie gren, 169 staunton place star court arcade,5667813,,,,, bellevue hill,3175,19690410
d5bb4efe-154c-11eb-a372-0242a9feff83,dataset2.csv,92, daniel callahtn, 119 halifax close medical ce ntre,3925704,,,,, smythesdale,2400,19530309
d5bb4f80-154c-11eb-a372-0242a9feff83,dataset2.csv,93, mya mccarthy, 43 wakool circuit ,5475592,,,,, moona hwest,2063,19120729
d5bb4ff8-154c-11eb-a372-0242a9feff83,dataset2.csv,94, liam coenen, 66 stretton c rescent ,1128736,,,,, patterson lakes,6060,19690602
d5bb5200-154c-11eb-a372-0242a9feff83,dataset2.csv,98, jarus scamnoi, 375 bissenberger crescent dalmoora,6966609,,,,, goodna,4670,19120912
d5bb5282-154c-11eb-a372-0242a9feff83,dataset2.csv,99, nicholas procter, 1 cavanaughlstreet sherwood,2662272,,,,, leevflle,2089,19031219
d5bb5304-154c-11eb-a372-0242a9feff83,dataset2.csv,100, mia white, 6 theodore street calaltobta,5969084,,,,, haddon,2905,19640403
d5bb5386-154c-11eb-a372-0242a9feff83,dataset2.csv,101, spencer klus, 7 gatton street whispern ig pines,4996874,,,,, young,5097,19020122
d7c15b4e-154c-11eb-a372-0242a9feff83,dataset1.csv,7, blakeston broadby,53 traeger street valley of springs,4308555, north ward,3083, qld,19120907,,,
d7c1d6a0-154c-11eb-a372-0242a9feff83,dataset1.csv,15, lachlan godfrey,45 lienhop street sorrento,9107241, lalor,2350, sa,19080429,,,
d7c230d2-154c-11eb-a372-0242a9feff83,dataset1.csv,19, caitlin basey,414 pelsart street st francis vlge,7811311, daisy hill,2113, nsw,19110711,,,
d7c2894c-154c-11eb-a372-0242a9feff83,dataset1.csv,26, joselyn dakin,19 abernethy street kanangra hostel,4852063, manunda,3028, wa,19261205,,,
d7c2e2ca-154c-11eb-a372-0242a9feff83,dataset1.csv,36, cade newport,  britten-jones drive the park,2081552, warnbro,2261, qld, ,,,
d7c33c98-154c-11eb-a372-0242a9feff83,dataset1.csv,48, dylan blacklow,7 stenhouse close flr 5 john flynn medical centre,8225337, vermont,2538, nsw,19390222,,,
d7c394c2-154c-11eb-a372-0242a9feff83,dataset1.csv,50, caitlin bevis,46 smith street grammar school,3040069, hawthorn,4878, nsw,19601011,,,
d7c3ee18-154c-11eb-a372-0242a9feff83,dataset1.csv,74, julia meadows,18 araluen street st john of god hospital,7101191, crows nest,3174, nsw,19160818,,,
d7c446e2-154c-11eb-a372-0242a9feff83,dataset1.csv,77, noah mason,29 william hudson crescent court units,8353213, elwood,3155, sa,19500215,,,
d7c4a146-154c-11eb-a372-0242a9feff83,dataset1.csv,97, talyah mccarthy,8 carter crescent eldamead,4421495, springwood,2170, nsw,19210913,,,
d7c9dfb2-154c-11eb-a372-0242a9feff83,dataset2.csv,53, rhys horsley, 11  calalafarm,5179281,,,,, sale,7130,19070227
d7ca93f8-154c-11eb-a372-0242a9feff83,dataset2.csv,95, zali white,  blackman crescent glenairne,7291149,,,,, bundaberg,6280,19020311
d7d1efcc-154c-11eb-a372-0242a9feff83,dataset2.csv,70, chandler hamish, 9 allavnale eton place,3981694,,,,, bribie island,2831,19871001
d7d9a942-154c-11eb-a372-0242a9feff83,dataset2.csv,96, lachlan ryan, 51 totterdell street roseglen,7284475,,,,, dalhy,3168,19480724
d7e968aa-154c-11eb-a372-0242a9feff83,dataset2.csv,11, braiden hering, 26 snowde n place peppercor lodge,7720229,,,,, new farm,3016,19240408
d7ec8ec2-154c-11eb-a372-0242a9feff83,dataset2.csv,24, isabe lla waller,  blackbu rn street omeo,7270771,,,,, stanmore,5035,19500719
d7f6b910-154c-11eb-a372-0242a9feff83,dataset2.csv,15, cassandra lock, 5 glossop cerscent kames,2516564,,,,, scarborough,6153,19371206
d7f76e1e-154c-11eb-a372-0242a9feff83,dataset2.csv,66, crystal webb, 6 holman street rowethorpe,6491894,,,,, nora,3095,19800226
d7f92cc2-154c-11eb-a372-0242a9feff83,dataset2.csv,97, fyynlay deblasio,  longerenong street werribee plaza,8968244,,,,, forest hill,2790,19161102
d7fc52da-154c-11eb-a372-0242a9feff83,dataset2.csv,80, angelina lowry, 20 browne place craisgton,5692471,,,,, peakhurst,3284,19350921
d8002a2c-154c-11eb-a372-0242a9feff83,dataset2.csv,38, nicholas mycko, 259 alma close farm shed,3274337,,,,, centennail park,3000,19450728
