employee_name,employee_address,suburb,postcode,date_of_birth,soc_sec_id
 elton , 3 light setreet pinehill, windermere,3212,19651013,1551941
 mitchell maxon, 47 edkins street lochaoair, north ryde,3355,19390212,8859999
  white, 72 lambrigg street kelgoola, broadbeach waters,3159,19620216,9731855
 elk i menzies, 1 lyster place , northwood,2585,19980624,4970481
  garanggar,  may maxwell crescent springettst arcade, forest hill,2342,19921016,1366884
 sophie manson, 14 elizabeth xrescent manorhouse, gorokan,3465,19510201,4818868
 madison morrison, 38 peacock place melim a, campbelltown,3021,19481214,1967265
 jayed millar, 6 meredith c ircuit , thornbury,6014,19340731,1314310
 joshua raward, 26 yambina cerscent thorndale, macgrdgor,4718, ,9086686
 david sette, 105 spring raghe road jessiefield, villawood,2213,19950603,9471099
 jacob delfos, 102 morgan crescent valicare, geurie,4557,19510208,4071052
 braiden hering, 26 snowde n place peppercor lodge, new farm,3016,19240408,7720229
 mia wnite, 1329 national circuit sec 301, narembeen,2765,19130418,5053650
 nicholas mcneill, 16  tunis, bacchus marsh,6019,19800829,5215850
 rybak jassim, 16 newman morrisf circuit brookfield, oromnd,2218,19840706,8822389
 cassandra lock, 5 glossop cerscent kames, scarborough,6153,19371206,2516564
 ilam tschitrpig, 61 biffin sreet , blacktown,2221,19970528,6098354
 adam ewald,  wentcher place longstay caravn park, kempsey,5902,19180203,2268410
 lochlan weaver, 30 carnegie crescent gantham, wendouree,3197,19990511,4335106
 zara white, 189 mackey place doctors flat, hawthorn,4300,19320621,7744887
  grubb, 10 berne cresxent yooringa, st hubertscisland,6539,19341211,6333533
 shanaye averats, 162 benjami n way ashville, bamawm,3175,19340625,8786773
  babic, 1 totterdell street cooingale, st albans,4060,19450493,3346822
 amy green, 8 cahalan place , east preston,2114,19900401,2287496
 isabe lla waller,  blackbu rn street omeo, stanmore,5035,19500719,7270771
 samuel rudd, 46 powlett street , kingston,3453,19580819,7309587
 jordan whie,8, ryde,2148,19890416,6617539
 brielle speabrs, 8 tunney c rescent hd blanch sec 28, rosslyn park,3350,19890201,3140493
 harry bishop, 5 darwinia terrace craigsto nl1bg, glenmore aprk,4830,19781114,7781607
 noah fusco, 65 kruseplace thepoints h olsteins, kununurra,3400,19490107,9136935
 stella clarke, 11 leist strewt emerald banks, burnie,3152,19020227,6990160
 bradley sribar, 32 sturt avenue everge en, buronga,2710,19511217,9160808
 annabel thropr, 21 airey crescent galloway, rokeby,4670,19920305,2814912
 joshua dixon, 60 croton street ethnam arm, surrey hills,2617,19481014,5540614
 jacob wbeb, 14 hawdon treet aumuller house, forest lodge,6050,19450315,8971806
 isabella ryan, 61 downes place spring ridge, ardeer,3058,19331204,4702512
 chloe musoilno, 4 warrumbmul street gordoivale, brighton,3728, ,7147784
 blake mcvicar, 26 ellerston avenue rosehill, bowral,3009,19890504,1219082
 nicholas mycko, 259 alma close farm shed, centennail park,3000,19450728,3274337
 kiana huxley, 12 southern close little dale, maryborough,2517,19140529,1728316
 macormack campball, 21 shipard place demountabel bldg, brighton,2546,19640101,3116298
 lachln murton, 191 barraclough crescent medcl cntr (cnr queen s street, east hills,2707,19770527,2068877
 casey heran, 10 cathie p lace watarmark, rowville,6135,19390522,8255871
 bailey satte rley, 28 newman morcbis circuit carrington garden, beamont,2074,19730919,1989082
 caleb dabinet, 30 springfields farms rodway tsreet, mount ommaney,3133,19040620,2071263
 bllke white, 16 brunto nstreet rosetta village, frankxton,2800,19731009,6366377
 mihal hannsh,  aspinal ls treet , nyal west,6060, ,7161412
 paige webb,  arthaldo court , cardkff,5023,19341104,6388140
 nahan bishop, 2 osburn drive noosa village shopping centre, woodhill,2530,19961008,6472175
 saraa carmody, 14 gilmore crescent brentwood vlge, denmark,4650,19830421,7880298
 mia reid, 4 le hunte srreet marretth, como,3777,19800421,3451673
 adamx craze,  mcclintoxk street loma langie, portarlington,3199,19270510,3239913
 makenzi elphick, 31 copland drive gwand alan, erskine,4214,19500810,1011936
 rhys horsley, 11  calalafarm, sale,7130,19070227,5179281
 zane webb, 4 mackinolty street mayflower rtrmnt vlge, ganmani,6018,19190523,1897310
 bailey zilm, 11  craigow, deer park,6112,19471001,5100168
 phoebe , 33 kumm place the manor garden, harris park,2323,19061113,3155906
 molly hanna, 18 lewis luxton avenue tullaillan, salisbury east,2032,19171018,3994290
  gibb, 35 tenison-woodsr circuit the j gms, adamstown heights,6333,19090430,3651633
  ebert, 69 rapanea street pangabi, ,6061,19310909,9105802
 cambell coteman, 45 norton street skilbister, coniston,3803,19731016,2389212
 marko lamprey, 23 kilburnie backler place, windsor,6083,19401125,4959474
 joe lodgw, 200 steinwedel street kmart p plaza, toowoomba,4016,19710830,2655513
 ethan marson, 40 catumbel lodge tinaroo place, hoppers crossing,2035,19100123,9238396
 elton coldicutt, 3 somerset s treet newman medcaql centre, ashfield,5037,19341016,9721944
 ja xson selht, 1 moonta place walhalla, maryborough,2066,19130707,7238580
 crystal webb, 6 holman street rowethorpe, nora,3095,19800226,6491894
 lachlarn ricard, 40 wallaroeroad , bowral,4158,19531101,6012074
 sophie au, 26 pelham close locn n192, sandy bay,3192, ,4507512
 elizabeth nobli, 33 rosebery street glenomre, eatons hill,2458,19820730,7294023
 chandler hamish, 9 allavnale eton place, bribie island,2831,19871001,3981694
 matthew walms, 1121 massi e place the stockyards, dalby,3352,19280328,6147905
 willim lund, 8 bridgedtreet pevensey, bowral,4350,19211017,4144401
 mattheo godfley, 22 madigan street tantallon, mayfield,2444,19811231,1967139
 ebony piniros, 16 ashby c ircuit , meltonsouth,2913,19030607,6804193
 noah berry, 58 alice jackse on crescent rosehill, hawthorn,5251,19240908,1446426
  lowry, 80 kinchela crescent rowethorpe, rossmoyne,2770,19350708,6616912
 jasmine ryah, 49 spofforth street kirra vista, daylesford,3072,19161002,7987659
 cleb thorpe, 4 river street , granville,2641,19590118,7916134
 caitlin berry, 29 carr crscent bletchly aprk, corrimal east,4075,19780804,2225444
 angelina lowry, 20 browne place craisgton, peakhurst,3284,19350921,5692471
 benjamin morr ison, 16 kingscotecrescent malanda orchard, sanctuary point,280,19761231,3201927
 evan , 3 livingstonavenue , burleigh heads,2289,19450220,8451831
 dnaiel fysh, 27 appel crescent , hermit park,2333,19620207,3085695
 mollie sherriff, 9 dalley crescent tarliunp, newstaed,4207,19051216,5596459
 seth moovdy, 42 scantlebury crescent the lodge, sippy dawns,3156,19270524,6853828
 brianna wardle, 1 mcdougalll street , beechbohro,3165,19440826,2063140
 millie neville, 38 menziesn court , toowoomba,2066,19950511,8251642
 luke mccartyy, 5 bandjalongcrescent , north curl curl,2160,19521124,9203828
 hayey ryan, 2 lambrig gstreet flt 67, jardee,2750,19880816,7698870
 sophie coulson, 8 blackburn street , mansfield park,5097,19690320,9010006
 brodie gren, 169 staunton place star court arcade, bellevue hill,3175,19690410,5667813
 daniel callahtn, 119 halifax close medical ce ntre, smythesdale,2400,19530309,3925704
 mya mccarthy, 43 wakool circuit , moona hwest,2063,19120729,5475592
 liam coenen, 66 stretton c rescent , patterson lakes,6060,19690602,1128736
 zali white,  blackman crescent glenairne, bundaberg,6280,19020311,7291149
 lachlan ryan, 51 totterdell street roseglen, dalhy,3168,19480724,7284475
 fyynlay deblasio,  longerenong street werribee plaza, forest hill,2790,19161102,8968244
 jarus scamnoi, 375 bissenberger crescent dalmoora, goodna,4670,19120912,6966609
 nicholas procter, 1 cavanaughlstreet sherwood, leevflle,2089,19031219,2662272
