name,address,suburb,postcode,state,date_of_birth,soc_sec_id
 michaela neumann,8 stanley street miami, winston hills,4223, nsw,19151111,5304218
 courtney painter,12 pinkerton circuit bega flats, richlands,4560, vic,19161214,4066625
 charles green,38 salkauskas crescent kela, dapto,4566, nsw,19480930,4365168
 vanessa parr,905 macquoid place broadbridge manor, south grafton,2135, sa,19951119,9239102
 mikayla malloney,37 randwick road avalind, hoppers crossing,4552, vic,19860208,7207688
 blake howie,1 cutlack street belmont park belted galloway stud, budgewoi,6017, vic,19250301,5180548
  lund,109 caley crescent allandale aged care facility, mill park,4053, nsw,19180902,7074690
 blakeston broadby,53 traeger street valley of springs, north ward,3083, qld,19120907,4308555
  leslie,925 carpenter close , canterbury,2340, vic,19950608,2438058
 edward denholm,10 corin place gold tyne, clayfield,4221, vic,19660306,7119771
 charlie alderson,266 hawkesbury crescent deergarden caravn park, cooma,4128, vic,19440908,1256748
 molly roche,59 willoughby crescent donna valley, carrara,4825, nsw,19200712,1847058
 angus mcgregor,1  rosetta village, chelsea heights,3020, wa,19170409,8677579
 kate stephenson,8 sinclair street brentwood vlge, ryde,5333, sa,19051012,4182623
 matthew bissett,11 cowcher place kassingbrook, surfers paradise,4037, vic,19121107,5435247
 lachlan godfrey,45 lienhop street sorrento, lalor,2350, sa,19080429,9107241
 campbell clarke,14 wootton crescent the manor garden, northmead,3265, vic,19220610,7658745
 jessica weller,318 bishopbourne court lismore road, padstow,2191, nsw,19600919,4837774
 joshua corbin,83 tweed place five oaks, keilor,4818, nsw,19721018,7955748
 caitlin basey,414 pelsart street st francis vlge, daisy hill,2113, nsw,19110711,7811311
 alessandra stanley,9 araluen street bombowlee, avoca,3104, qld,19940325,8650329
 francesco cannell,5 ngunawal drive whispering pines, brighton,7320, nsw,19900219,2439499
 liam schwaz,1005 elvire place narada, bronte,2137, tas,19470324,4505367
 benjamin capel,177 clive steele avenue spq camp, woongarra,4207, qld,19090522,4415928
 kynan dooley,92 mcintyre street apt 27, woollahra,6021, qld,19310924,1493049
 harrison boulter,9 macgregor street stonyridge, cecil plains,3070, nsw,19110312,5094110
 joselyn dakin,19 abernethy street kanangra hostel, manunda,3028, wa,19261205,4852063
 claudia huxley,108 crease place edellen, north ryde,2464, vic,19441020,9295307
  lowry,6 hadleigh circuit rowethorpe, rossmoyne,2770, sa,19350708,6616912
 lily warnock,68 darling street jeran, exton,2154, nsw,19620520,2626334
 sebastian mcneill,3 dryandra street ferndale, west lakes,2265, vic, ,2765960
 ellouise domingo,36 leach street plain view, frankston,6062, nsw,19141125,2822912
 danielle webb,33 max henry crescent willows trees, corio,2077, nsw,19711211,7999700
 maliah clarke,26 broadbent street harlyn, tara,6151, sa,19520331,7298583
 patrick george,1 coxen street belleview, urangan,4051, nsw,19371129,5526595
 aidan banham,8 rowntree crescent locn 8774, tallebudgera,2284, wa,19280830,5929976
 cade newport,  britten-jones drive the park, warnbro,2261, qld, ,2081552
 adam smithson,4 newman morris circuit medical centre, springwood,2087, nsw,19181006,7935674
 nathan sells,2 vickery street yachting towers, magill,3223, nsw,19240701,6367815
 katelin dent,29 sugarloaf circuit wildefell, windsor,4503, qld,19280517,4402607
 billy gigney,382 westall place willaroo, moree,2037, qld,19130824,4206687
 tiffany green,32 sid barnes crescent dudley specialist medical centre, wingfield,2027, qld,19860328,4528322
 samuel heidrich,7 mcgivern crescent el-woodaro, highbury,3053, act,19710525,8110080
 brooke harrington,88 marcus clarke street campaspe, lockleys,3042, wa,19910123,4738674
 connor foall,17 lamb place , kilsyth,3174, qld,19140927,4900414
 keeley gaskin,128 winder place chanak, west wyalong,3138, wa,19550702,4856464
 charlie zimmermann,68 tebbutt place nuffield village, carnegie,3104, vic,19681220,2564958
 harry manthorpe,19 hodgson crescent the blackhut, macquarie fields,2756, nsw,19841005,7232794
 dylan blacklow,7 stenhouse close flr 5 john flynn medical centre, vermont,2538, nsw,19390222,8225337
 cooper girdler,9 arid place , burwood,2577, vic,19630327,3241612
 caitlin bevis,46 smith street grammar school, hawthorn,4878, nsw,19601011,3040069
 john homann,27 sid barnes crescent king river palms c8, cranbourne,5159, nsw,19461027,4896844
 jessica mayer,25 dugan street willandra, mittagong,6056, sa,19340201,3346974
 liam hemmings,4425 mimosa close kinloch court, lockleys,3850, nsw,19051023,3194253
 rebecca coppock,3 homeleigh wallaroo road tinaroo falls, embleton,6152, vic,19440414,2971980
 heather benger,8 fergusson crescent palazz, currajong,2650, wa,19840803,9010502
 isabelle beattie,19 southern close gulmarrad street, stanley,2615, vic,19460303,1698866
 callum mahon,79 mcintosh street boronia, slacks creek,2145, nsw,19040909,2226255
 charlotte donaldson,3 federal highway allamby biala street, kilcunda,4703, nsw,19541208,5650823
 tiana lionis,207 holroyd street jewells medical centre, pennant hills,3463, qld,19990424,5662051
 livia swetnam,73 stapylton street kanjara, roxburgh park,2212, qld,19790329,8689632
 thomas monis,30 schofield place duck creek, terrey hills,2145, nsw,19620331,3724382
  dojcic,15 barraclough crescent brookvale, tolga,2025, qld,19990331,7180320
 alexandra clarke,15 parnell road rsdb 284, nedlands,4014, sa,19890608,7235143
 ella malzard,4 namatjira drive tolemac, armidale,4220, nsw,19381112,6513848
 matilda kubenk,35 arabana street carrington retrmnt vlge, revesby,2122, nsw,19901231,6501846
 timothy moujalli,14 cobby street , christies beach,2617, qld,19910719,4552685
 benjamin lovelock,1 tanumbirini street apmnt 203, willetton,4570, nsw,19980628,6282406
 destynii hope,24 barunga street villa 3, st peters,4061, nsw,19210430,6586920
 brianna ryan,7 bingham circuit beltunga, highett,6330, qld,19310316,9339689
 madison herbert,14 cowie place old post office, glenmore park,2680, nsw,19950105,9689395
 pearson shepherd,13 de graaff street springdale, beverly hills,2650, vic,19320517,6334586
 isaiah warde,61 mcphail place sunbury, bonnyrigg,3929, vic,19090111,8475133
 imogen kiosses,2 quandong street overnewton, arundel,5024, sa,19751002,1581588
 julia meadows,18 araluen street st john of god hospital, crows nest,3174, nsw,19160818,7101191
 lucinda burrill,31 bamir square corridella, inglewood,4557, qld,19471211,4875837
 caleb roberts-yates,40 millpost close bandera, cobar,3500, qld,19670914,5399458
 noah mason,29 william hudson crescent court units, elwood,3155, sa,19500215,8353213
 ella estcourt,12 gellatly place mayfair, braddon,3850, nsw,19090814,2110759
 riley kerr-sullivan,166 clem hill street mindaree, oyster bay,7325, vic,19090429,7355856
 nasyah reid,14 groom street warrina lakes, goonellabah,2775, nsw,19850813,9822354
 ella browne,35 tanjil loop cedarview, berkeley vale,4564, qld,19480726,6646608
 michael cochrane,7 monaro crescent ballarkona, hendra,4128, qld,19361016,5263623
 benjamin cassimatis,23  yacklin, thornleigh,6006, nsw, ,1533923
 imogen white,12 macrossan crescent peridon vlge, mount isa,2088, nsw,19580528,9882514
 maya nevin,351 rapanea street chelsea house, evanston,2033, ,19220204,9920408
 madeleine bradshaw,90 burkitt street mindaree, tuart hill,3300, nsw,19180720,9562529
 jack moscatt,15 hosking place , st kilda east,2600, vic,19611218,2565922
 georgia rees,40 maclaurin crescent spring creek, fullarton,6233, nsw,19210305,5595588
  collinson,8 parrabel place fraser lodge, elwood,2420, vic,19100819,5602774
 ruby grobler,128 lonsdale street tallinga park, newbridge,2105, qld,19190104,5332690
 lara dunis,7 rodda place dry rush, casino,4170, nsw,19580928,2469542
 zachariah steed,24 hamelin crescent surfers hawaiian, preston beach,4214, nsw,19300502,9340008
 william vanderwesten,11 william wilkins crescent wyuna, grenfell,5290, nsw,19500801,2499394
 layla donaldson,71 mannheim street sandalford homestead, urangan,2713, wa,19320608,5103641
 samantha chandler,183 macnamara place st johnof god hospital, greenwith,2047, wa,19011201,6692802
 alexander jeffries,45 keartland street , northbridge,3043, vic,19770408,3206197
 talyah mccarthy,8 carter crescent eldamead, springwood,2170, nsw,19210913,4421495
 isabelle hope,140 ellenborough street grimes paddock cotge, murray bridge,6152, qld,19480522,1334359
 breana thorpe,54 weipa place kimberley, san remo,4660, qld,19660117,3264752
